{
  "专精特新": 0.028364,
  "国企改革": 0.025564,
  "芯片概念": 0.025378,
  "人形机器人": 0.023512,
  "机器人概念": 0.021086,
  "创新药": 0.02034,
  "存储芯片": 0.016981,
  "PCB概念": 0.015115,
  "算力租赁": 0.014928,
  "锂电池概念": 0.014368,
  "商业航天": 0.013622,
  "医疗器械概念": 0.012689,
  "AI应用": 0.012689,
  "高股息精选": 0.012129,
  "绿色电力": 0.011569,
  "新能源汽车": 0.010823,
  "AIGC概念": 0.00989,
  "共封装光学(CPO)": 0.009703,
  "固态电池": 0.009517,
  "高端装备": 0.00933,
  "人工智能": 0.00933,
  "液冷服务器": 0.009143,
  "智能电网": 0.00877,
  "储能": 0.008584,
  "物业管理": 0.008397,
  "东数西算(算力)": 0.00821,
  "ST板块": 0.00821,
  "一带一路": 0.007837,
  "跨境电商": 0.007651,
  "医药电商": 0.007464,
  "天然气": 0.007277,
  "光伏概念": 0.007091,
  "煤炭概念": 0.006904,
  "先进封装": 0.006904,
  "AI智能体": 0.006904,
  "人民币贬值受益": 0.006718,
  "股权转让(并购重组)": 0.006531,
  "光纤概念": 0.006531,
  "航运概念": 0.006344,
  "IP经济(谷子经济)": 0.006344,
  "小金属概念": 0.005971,
  "预制菜": 0.005971,
  "新型城镇化": 0.005971,
  "第三代半导体": 0.005971,
  "新型工业化": 0.005598,
  "数字经济": 0.005411,
  "智能医疗": 0.005225,
  "智能家居": 0.005225,
  "CRO概念": 0.005225,
  "军工": 0.005225,
  "风电": 0.005038,
  "黄金概念": 0.004852,
  "低空经济": 0.004852,
  "军工信息化": 0.004852,
  "减速器": 0.004852,
  "稀土永磁": 0.004665,
  "文化传媒概念": 0.004665,
  "仿制药一致性评价": 0.004665,
  "智慧城市": 0.004478,
  "旅游概念": 0.004292,
  "煤化工概念": 0.004292,
  "卫星导航": 0.004292,
  "汽车电子": 0.004292,
  "乳业": 0.004292,
  "白酒概念": 0.004105,
  "2025年报预增": 0.004105,
  "工业母机": 0.004105,
  "海工装备": 0.003919,
  "统一大市场": 0.003732,
  "超级品牌": 0.003732,
  "污水处理": 0.003732,
  "汽车芯片": 0.003732,
  "特高压": 0.003732,
  "光刻胶": 0.003732,
  "核电": 0.003545,
  "特钢概念": 0.003545,
  "宠物经济": 0.003545,
  "化肥": 0.003545,
  "装配式建筑": 0.003545,
  "可降解塑料": 0.003545,
  "合成生物": 0.003545,
  "期货概念": 0.003545,
  "高铁": 0.003545,
  "数据中心(AIDC)": 0.003545,
  "MicroLED概念": 0.003545,
  "创投": 0.003359,
  "消费电子概念": 0.003359,
  "军民融合": 0.003359,
  "生物疫苗": 0.003359,
  "猪肉": 0.003359,
  "数据要素": 0.003359,
  "染料": 0.003172,
  "航空发动机": 0.003172,
  "智能物流": 0.003172,
  "俄乌冲突概念": 0.003172,
  "流感": 0.003172,
  "碳中和": 0.002986,
  "汽车热管理": 0.002986,
  "氟化工概念": 0.002986,
  "三胎概念": 0.002986,
  "氢能源": 0.002986,
  "盐湖提锂": 0.002986,
  "有机硅概念": 0.002986,
  "可控核聚变": 0.002986,
  "信创": 0.002986,
  "超超临界发电": 0.002799,
  "乡村振兴": 0.002799,
  "脑机接口": 0.002799,
  "家用电器": 0.002799,
  "央企国企改革": 0.002612,
  "磷化工": 0.002612,
  "工业互联网": 0.002612,
  "维生素": 0.002612,
  "固废处理": 0.002612,
  "无人驾驶": 0.002612,
  "柔性屏(折叠屏)": 0.002612,
  "短剧游戏": 0.002612,
  "农机": 0.002426,
  "互联网金融": 0.002426,
  "数字货币": 0.002426,
  "物联网": 0.002426,
  "柔性直流输电": 0.002239,
  "粮食概念": 0.002239,
  "西部大开发": 0.002239,
  "铜缆高速连接": 0.002239,
  "钙钛矿电池": 0.002239,
  "共同富裕示范区": 0.002239,
  "粤港澳大湾区": 0.002239,
  "光刻机": 0.002239,
  "金属铜": 0.002239,
  "比亚迪概念": 0.002239,
  "虚拟电厂": 0.002053,
  "华为概念": 0.002053,
  "电力物联网": 0.002053,
  "免税店": 0.002053,
  "烟草": 0.002053,
  "环氧丙烷": 0.002053,
  "草甘膦": 0.002053,
  "水泥概念": 0.002053,
  "OLED": 0.002053,
  "养老概念": 0.002053,
  "海南自贸区": 0.002053,
  "光伏建筑一体化": 0.002053,
  "重组蛋白": 0.002053,
  "同花顺中特估100": 0.001866,
  "一体化压铸": 0.001866,
  "钠离子电池": 0.001866,
  "中俄贸易概念": 0.001866,
  "医美概念": 0.001866,
  "地下管网": 0.001866,
  "金属锌": 0.001866,
  "露营经济": 0.001866,
  "农业种植": 0.001866,
  "建筑节能": 0.001866,
  "生物质能发电": 0.001866,
  "网红经济": 0.001866,
  "净水概念": 0.001866,
  "3D打印": 0.001866,
  "PPP概念": 0.001679,
  "DeepSeek概念": 0.001679,
  "职业教育": 0.001679,
  "细胞免疫治疗": 0.001679,
  "食品安全": 0.001679,
  "海峡两岸": 0.001679,
  "车联网(车路协同)": 0.001679,
  "PEEK材料": 0.001679,
  "基因测序": 0.001679,
  "碳纤维": 0.001679,
  "手机游戏": 0.001679,
  "中字头股票": 0.001493,
  "ChatGPT概念": 0.001493,
  "啤酒概念": 0.001493,
  "参股券商": 0.001493,
  "体育产业": 0.001493,
  "肝炎概念": 0.001493,
  "转基因": 0.001493,
  "大飞机": 0.001493,
  "宁德时代概念": 0.001493,
  "华为汽车": 0.001493,
  "眼科医疗": 0.001493,
  "6G概念": 0.001493,
  "页岩气": 0.001493,
  "金属回收": 0.001493,
  "两轮车": 0.001493,
  "养鸡": 0.001493,
  "5G": 0.001493,
  "足球概念": 0.001493,
  "智能穿戴": 0.001493,
  "AI眼镜": 0.001493,
  "上海国企改革": 0.001306,
  "证金持股": 0.001306,
  "充电桩": 0.001306,
  "抽水蓄能": 0.001306,
  "代糖概念": 0.001306,
  "动物疫苗": 0.001306,
  "自由贸易港": 0.001306,
  "云计算": 0.001306,
  "空气能热泵": 0.001306,
  "融资融券": 0.001306,
  "水利": 0.001306,
  "飞行汽车(eVTOL)": 0.001306,
  "TOPCON电池": 0.001306,
  "网络游戏": 0.001306,
  "华为昇腾": 0.001306,
  "土壤修复": 0.001306,
  "注册制次新股": 0.001306,
  "机器视觉": 0.00112,
  "信托概念": 0.00112,
  "民营医院": 0.00112,
  "硅能源": 0.00112,
  "超级电容": 0.00112,
  "冷链物流": 0.00112,
  "BC电池": 0.00112,
  "减肥药": 0.00112,
  "数据安全": 0.00112,
  "传感器": 0.00112,
  "智慧政务": 0.00112,
  "中芯国际概念": 0.00112,
  "深圳国企改革": 0.00112,
  "高压快充": 0.00112,
  "多模态AI": 0.00112,
  "跨境支付(CIPS)": 0.000933,
  "京津冀一体化": 0.000933,
  "培育钻石": 0.000933,
  "PET铜箔": 0.000933,
  "燃料电池": 0.000933,
  "雅下水电概念": 0.000933,
  "无人机": 0.000933,
  "2026一季报预增": 0.000933,
  "钛白粉概念": 0.000933,
  "丙烯酸": 0.000933,
  "同花顺出海50": 0.000933,
  "安防": 0.000933,
  "动力电池回收": 0.000933,
  "HJT电池": 0.000933,
  "长安汽车概念": 0.000933,
  "网络安全": 0.000933,
  "电子纸": 0.000933,
  "数字孪生": 0.000933,
  "鸿蒙概念": 0.000933,
  "智谱AI": 0.000933,
  "小米汽车": 0.000933,
  "英伟达概念": 0.000933,
  "冰雪产业": 0.000746,
  "兵装重组概念": 0.000746,
  "光热发电": 0.000746,
  "参股银行": 0.000746,
  "新疆振兴": 0.000746,
  "租售同权": 0.000746,
  "生态农业": 0.000746,
  "福建自贸区": 0.000746,
  "智能座舱": 0.000746,
  "C2M概念": 0.000746,
  "特斯拉概念": 0.000746,
  "F5G概念": 0.000746,
  "供销社": 0.000746,
  "量子科技": 0.000746,
  "禽流感": 0.000746,
  "POE胶膜": 0.000746,
  "在线教育": 0.000746,
  "民爆概念": 0.000746,
  "辅助生殖": 0.000746,
  "新股与次新股": 0.000746,
  "超导概念": 0.00056,
  "金属铅": 0.00056,
  "长三角一体化": 0.00056,
  "知识产权保护": 0.00056,
  "AI视频": 0.00056,
  "共享单车": 0.00056,
  "AI语料": 0.00056,
  "金属钴": 0.00056,
  "华为欧拉": 0.00056,
  "猴痘概念": 0.00056,
  "小红书概念": 0.00056,
  "华为鲲鹏": 0.00056,
  "无人零售": 0.00056,
  "元宇宙": 0.00056,
  "NMN概念": 0.00056,
  "消毒剂": 0.00056,
  "星闪概念": 0.00056,
  "MCU芯片": 0.00056,
  "时空大数据": 0.00056,
  "成飞概念": 0.00056,
  "苹果概念": 0.00056,
  "小米概念": 0.00056,
  "中韩自贸区": 0.000373,
  "同花顺漂亮100": 0.000373,
  "参股保险": 0.000373,
  "工业大麻": 0.000373,
  "财税数字化": 0.000373,
  "中船系": 0.000373,
  "特色小镇": 0.000373,
  "互联网保险": 0.000373,
  "虚拟数字人": 0.000373,
  "房屋检测": 0.000373,
  "PM2.5": 0.000373,
  "PVDF概念": 0.000373,
  "阿尔茨海默概念": 0.000373,
  "虚拟现实": 0.000373,
  "MLOps概念": 0.000373,
  "石墨烯": 0.000373,
  "碳交易": 0.000373,
  "区块链": 0.000373,
  "毛发医疗": 0.000373,
  "DRG/DIP": 0.000373,
  "深股通": 0.000373,
  "人造肉": 0.000373,
  "独角兽概念": 0.000373,
  "土地流转": 0.000373,
  "幽门螺杆菌概念": 0.000373,
  "MiniLED": 0.000373,
  "智慧灯杆": 0.000373,
  "ERP概念": 0.000373,
  "人脸识别": 0.000373,
  "核污染防治": 0.000373,
  "汽车拆解概念": 0.000373,
  "无线充电": 0.000373,
  "阿里巴巴概念": 0.000373,
  "空间计算": 0.000373,
  "科创次新股": 0.000373,
  "玉米": 0.000187,
  "换电概念": 0.000187,
  "芬太尼": 0.000187,
  "青蒿素": 0.000187,
  "托育服务": 0.000187,
  "网约车": 0.000187,
  "蚂蚁集团概念": 0.000187,
  "国产操作系统": 0.000187,
  "华为盘古": 0.000187,
  "石墨电极": 0.000187,
  "沪股通": 0.000187,
  "电子竞技": 0.000187,
  "上海自贸区": 0.000187,
  "AI手机": 0.000187,
  "摘帽": 0.000187,
  "横琴新区": 0.000187,
  "国产航母": 0.000187,
  "钒电池": 0.000187,
  "天津自贸区": 0.000187,
  "智能音箱": 0.000187,
  "雄安新区": 0.000187,
  "ETC": 0.000187,
  "MR(混合现实)": 0.000187,
  "Web3.0": 0.000187,
  "云办公": 0.000187,
  "拼多多概念": 0.000187,
  "黑龙江自贸区": 0.000187,
  "富士康概念": 0.000187,
  "数据确权": 0.000187
}